message;severity;node;stamp;location
"Oh no! I hit the wall! (Clamping from [x=-0.031977, y=2.531298])";"30";"turtlesim3.sim3";"1758783389.925532141";"/home/a/ros2_ws/src/ros_tutorials/turtlesim/src/turtle.cpp:update:260"
"Oh no! I hit the wall! (Clamping from [x=-0.031977, y=2.531298])";"30";"turtlesim2.sim2";"1758783389.913280022";"/home/a/ros2_ws/src/ros_tutorials/turtlesim/src/turtle.cpp:update:260"
"Oh no! I hit the wall! (Clamping from [x=-0.031977, y=2.532500])";"30";"turtlesim3.sim3";"1758783389.909838998";"/home/a/ros2_ws/src/ros_tutorials/turtlesim/src/turtle.cpp:update:260"
"Oh no! I hit the wall! (Clamping from [x=-0.031977, y=2.532500])";"30";"turtlesim2.sim2";"1758783389.896812762";"/home/a/ros2_ws/src/ros_tutorials/turtlesim/src/turtle.cpp:update:260"
"Oh no! I hit the wall! (Clamping from [x=-0.031977, y=2.533703])";"30";"turtlesim3.sim3";"1758783389.894136911";"/home/a/ros2_ws/src/ros_tutorials/turtlesim/src/turtle.cpp:update:260"
"Oh no! I hit the wall! (Clamping from [x=-0.031977, y=2.533703])";"30";"turtlesim2.sim2";"1758783389.881126680";"/home/a/ros2_ws/src/ros_tutorials/turtlesim/src/turtle.cpp:update:260"
"Oh no! I hit the wall! (Clamping from [x=-0.031977, y=2.534906])";"30";"turtlesim3.sim3";"1758783389.877927575";"/home/a/ros2_ws/src/ros_tutorials/turtlesim/src/turtle.cpp:update:260"
"Oh no! I hit the wall! (Clamping from [x=-0.031977, y=2.534906])";"30";"turtlesim2.sim2";"1758783389.864438666";"/home/a/ros2_ws/src/ros_tutorials/turtlesim/src/turtle.cpp:update:260"
"Oh no! I hit the wall! (Clamping from [x=-0.031977, y=2.536108])";"30";"turtlesim3.sim3";"1758783389.861980771";"/home/a/ros2_ws/src/ros_tutorials/turtlesim/src/turtle.cpp:update:260"
"Oh no! I hit the wall! (Clamping from [x=-0.031977, y=2.536108])";"30";"turtlesim2.sim2";"1758783389.848606302";"/home/a/ros2_ws/src/ros_tutorials/turtlesim/src/turtle.cpp:update:260"
"Oh no! I hit the wall! (Clamping from [x=-0.031977, y=2.537311])";"30";"turtlesim3.sim3";"1758783389.845748833";"/home/a/ros2_ws/src/ros_tutorials/turtlesim/src/turtle.cpp:update:260"
"Oh no! I hit the wall! (Clamping from [x=-0.031977, y=2.537311])";"30";"turtlesim2.sim2";"1758783389.832213305";"/home/a/ros2_ws/src/ros_tutorials/turtlesim/src/turtle.cpp:update:260"
"Oh no! I hit the wall! (Clamping from [x=-0.031977, y=2.538514])";"30";"turtlesim3.sim3";"1758783389.829377794";"/home/a/ros2_ws/src/ros_tutorials/turtlesim/src/turtle.cpp:update:260"
"Oh no! I hit the wall! (Clamping from [x=-0.031977, y=2.538514])";"30";"turtlesim2.sim2";"1758783389.816965090";"/home/a/ros2_ws/src/ros_tutorials/turtlesim/src/turtle.cpp:update:260"
"Oh no! I hit the wall! (Clamping from [x=-0.031977, y=2.539716])";"30";"turtlesim3.sim3";"1758783389.814017348";"/home/a/ros2_ws/src/ros_tutorials/turtlesim/src/turtle.cpp:update:260"
"Oh no! I hit the wall! (Clamping from [x=-0.031977, y=2.539716])";"30";"turtlesim2.sim2";"1758783389.800557135";"/home/a/ros2_ws/src/ros_tutorials/turtlesim/src/turtle.cpp:update:260"
"Oh no! I hit the wall! (Clamping from [x=-0.031977, y=2.540919])";"30";"turtlesim3.sim3";"1758783389.797427367";"/home/a/ros2_ws/src/ros_tutorials/turtlesim/src/turtle.cpp:update:260"
"Oh no! I hit the wall! (Clamping from [x=-0.031977, y=2.540919])";"30";"turtlesim2.sim2";"1758783389.784221601";"/home/a/ros2_ws/src/ros_tutorials/turtlesim/src/turtle.cpp:update:260"
"Oh no! I hit the wall! (Clamping from [x=-0.031977, y=2.542122])";"30";"turtlesim3.sim3";"1758783389.781875860";"/home/a/ros2_ws/src/ros_tutorials/turtlesim/src/turtle.cpp:update:260"
"Oh no! I hit the wall! (Clamping from [x=-0.031977, y=2.542122])";"30";"turtlesim2.sim2";"1758783389.768065173";"/home/a/ros2_ws/src/ros_tutorials/turtlesim/src/turtle.cpp:update:260"
"Oh no! I hit the wall! (Clamping from [x=-0.031977, y=2.543324])";"30";"turtlesim3.sim3";"1758783389.765374380";"/home/a/ros2_ws/src/ros_tutorials/turtlesim/src/turtle.cpp:update:260"
"Oh no! I hit the wall! (Clamping from [x=-0.031977, y=2.543324])";"30";"turtlesim2.sim2";"1758783389.752690469";"/home/a/ros2_ws/src/ros_tutorials/turtlesim/src/turtle.cpp:update:260"
"Oh no! I hit the wall! (Clamping from [x=-0.031977, y=2.544527])";"30";"turtlesim3.sim3";"1758783389.749094000";"/home/a/ros2_ws/src/ros_tutorials/turtlesim/src/turtle.cpp:update:260"
"Oh no! I hit the wall! (Clamping from [x=-0.031977, y=2.544527])";"30";"turtlesim2.sim2";"1758783389.736315446";"/home/a/ros2_ws/src/ros_tutorials/turtlesim/src/turtle.cpp:update:260"
"Oh no! I hit the wall! (Clamping from [x=-0.031977, y=2.545730])";"30";"turtlesim3.sim3";"1758783389.733796327";"/home/a/ros2_ws/src/ros_tutorials/turtlesim/src/turtle.cpp:update:260"
"Oh no! I hit the wall! (Clamping from [x=-0.031977, y=2.545730])";"30";"turtlesim2.sim2";"1758783389.720961352";"/home/a/ros2_ws/src/ros_tutorials/turtlesim/src/turtle.cpp:update:260"
"Oh no! I hit the wall! (Clamping from [x=-0.031977, y=2.546932])";"30";"turtlesim3.sim3";"1758783389.717510710";"/home/a/ros2_ws/src/ros_tutorials/turtlesim/src/turtle.cpp:update:260"
"Oh no! I hit the wall! (Clamping from [x=-0.031977, y=2.546932])";"30";"turtlesim2.sim2";"1758783389.704392221";"/home/a/ros2_ws/src/ros_tutorials/turtlesim/src/turtle.cpp:update:260"
"Oh no! I hit the wall! (Clamping from [x=-0.031977, y=2.548135])";"30";"turtlesim3.sim3";"1758783389.701211187";"/home/a/ros2_ws/src/ros_tutorials/turtlesim/src/turtle.cpp:update:260"
"Oh no! I hit the wall! (Clamping from [x=-0.031977, y=2.548135])";"30";"turtlesim2.sim2";"1758783389.688699813";"/home/a/ros2_ws/src/ros_tutorials/turtlesim/src/turtle.cpp:update:260"
"Oh no! I hit the wall! (Clamping from [x=-0.031977, y=2.549338])";"30";"turtlesim3.sim3";"1758783389.685820214";"/home/a/ros2_ws/src/ros_tutorials/turtlesim/src/turtle.cpp:update:260"
"Oh no! I hit the wall! (Clamping from [x=-0.031977, y=2.549338])";"30";"turtlesim2.sim2";"1758783389.672866772";"/home/a/ros2_ws/src/ros_tutorials/turtlesim/src/turtle.cpp:update:260"
"Oh no! I hit the wall! (Clamping from [x=-0.031977, y=2.550540])";"30";"turtlesim3.sim3";"1758783389.669333365";"/home/a/ros2_ws/src/ros_tutorials/turtlesim/src/turtle.cpp:update:260"
"Oh no! I hit the wall! (Clamping from [x=-0.031977, y=2.550540])";"30";"turtlesim2.sim2";"1758783389.656738241";"/home/a/ros2_ws/src/ros_tutorials/turtlesim/src/turtle.cpp:update:260"
"Oh no! I hit the wall! (Clamping from [x=-0.031977, y=2.551743])";"30";"turtlesim3.sim3";"1758783389.654038806";"/home/a/ros2_ws/src/ros_tutorials/turtlesim/src/turtle.cpp:update:260"
"Oh no! I hit the wall! (Clamping from [x=-0.031977, y=2.551743])";"30";"turtlesim2.sim2";"1758783389.640433782";"/home/a/ros2_ws/src/ros_tutorials/turtlesim/src/turtle.cpp:update:260"
"Oh no! I hit the wall! (Clamping from [x=-0.031977, y=2.552946])";"30";"turtlesim3.sim3";"1758783389.637952368";"/home/a/ros2_ws/src/ros_tutorials/turtlesim/src/turtle.cpp:update:260"
"Oh no! I hit the wall! (Clamping from [x=-0.031977, y=2.552946])";"30";"turtlesim2.sim2";"1758783389.624964088";"/home/a/ros2_ws/src/ros_tutorials/turtlesim/src/turtle.cpp:update:260"
"Oh no! I hit the wall! (Clamping from [x=-0.031977, y=2.554148])";"30";"turtlesim3.sim3";"1758783389.621213400";"/home/a/ros2_ws/src/ros_tutorials/turtlesim/src/turtle.cpp:update:260"
"Oh no! I hit the wall! (Clamping from [x=-0.031977, y=2.554148])";"30";"turtlesim2.sim2";"1758783389.608371085";"/home/a/ros2_ws/src/ros_tutorials/turtlesim/src/turtle.cpp:update:260"
"Oh no! I hit the wall! (Clamping from [x=-0.031977, y=2.555351])";"30";"turtlesim3.sim3";"1758783389.605755418";"/home/a/ros2_ws/src/ros_tutorials/turtlesim/src/turtle.cpp:update:260"
"Oh no! I hit the wall! (Clamping from [x=-0.031977, y=2.555351])";"30";"turtlesim2.sim2";"1758783389.592927284";"/home/a/ros2_ws/src/ros_tutorials/turtlesim/src/turtle.cpp:update:260"
"Oh no! I hit the wall! (Clamping from [x=-0.031977, y=2.556554])";"30";"turtlesim3.sim3";"1758783389.590117232";"/home/a/ros2_ws/src/ros_tutorials/turtlesim/src/turtle.cpp:update:260"
"Oh no! I hit the wall! (Clamping from [x=-0.031977, y=2.556554])";"30";"turtlesim2.sim2";"1758783389.577141704";"/home/a/ros2_ws/src/ros_tutorials/turtlesim/src/turtle.cpp:update:260"
"Oh no! I hit the wall! (Clamping from [x=-0.031977, y=2.557757])";"30";"turtlesim3.sim3";"1758783389.573227215";"/home/a/ros2_ws/src/ros_tutorials/turtlesim/src/turtle.cpp:update:260"
"Oh no! I hit the wall! (Clamping from [x=-0.031977, y=2.557757])";"30";"turtlesim2.sim2";"1758783389.560417208";"/home/a/ros2_ws/src/ros_tutorials/turtlesim/src/turtle.cpp:update:260"
"Oh no! I hit the wall! (Clamping from [x=-0.031977, y=2.558959])";"30";"turtlesim3.sim3";"1758783389.557800857";"/home/a/ros2_ws/src/ros_tutorials/turtlesim/src/turtle.cpp:update:260"
"Oh no! I hit the wall! (Clamping from [x=-0.031977, y=2.558959])";"30";"turtlesim2.sim2";"1758783389.544882466";"/home/a/ros2_ws/src/ros_tutorials/turtlesim/src/turtle.cpp:update:260"
"Oh no! I hit the wall! (Clamping from [x=-0.031977, y=2.560162])";"30";"turtlesim3.sim3";"1758783389.541178275";"/home/a/ros2_ws/src/ros_tutorials/turtlesim/src/turtle.cpp:update:260"
"Oh no! I hit the wall! (Clamping from [x=-0.031977, y=2.560162])";"30";"turtlesim2.sim2";"1758783389.528345495";"/home/a/ros2_ws/src/ros_tutorials/turtlesim/src/turtle.cpp:update:260"
"Oh no! I hit the wall! (Clamping from [x=-0.031977, y=2.561365])";"30";"turtlesim3.sim3";"1758783389.525715483";"/home/a/ros2_ws/src/ros_tutorials/turtlesim/src/turtle.cpp:update:260"
"Oh no! I hit the wall! (Clamping from [x=-0.031977, y=2.561365])";"30";"turtlesim2.sim2";"1758783389.512820484";"/home/a/ros2_ws/src/ros_tutorials/turtlesim/src/turtle.cpp:update:260"
"Oh no! I hit the wall! (Clamping from [x=-0.031977, y=2.562567])";"30";"turtlesim3.sim3";"1758783389.509261154";"/home/a/ros2_ws/src/ros_tutorials/turtlesim/src/turtle.cpp:update:260"
"Oh no! I hit the wall! (Clamping from [x=-0.031977, y=2.562567])";"30";"turtlesim2.sim2";"1758783389.497349637";"/home/a/ros2_ws/src/ros_tutorials/turtlesim/src/turtle.cpp:update:260"
"Oh no! I hit the wall! (Clamping from [x=-0.031977, y=2.563770])";"30";"turtlesim3.sim3";"1758783389.493767722";"/home/a/ros2_ws/src/ros_tutorials/turtlesim/src/turtle.cpp:update:260"
"Oh no! I hit the wall! (Clamping from [x=-0.031977, y=2.563770])";"30";"turtlesim2.sim2";"1758783389.480683380";"/home/a/ros2_ws/src/ros_tutorials/turtlesim/src/turtle.cpp:update:260"
"Oh no! I hit the wall! (Clamping from [x=-0.031977, y=2.564973])";"30";"turtlesim3.sim3";"1758783389.477240451";"/home/a/ros2_ws/src/ros_tutorials/turtlesim/src/turtle.cpp:update:260"
"Oh no! I hit the wall! (Clamping from [x=-0.031977, y=2.564973])";"30";"turtlesim2.sim2";"1758783389.465034953";"/home/a/ros2_ws/src/ros_tutorials/turtlesim/src/turtle.cpp:update:260"
"Oh no! I hit the wall! (Clamping from [x=-0.031977, y=2.566175])";"30";"turtlesim3.sim3";"1758783389.461658864";"/home/a/ros2_ws/src/ros_tutorials/turtlesim/src/turtle.cpp:update:260"
"Oh no! I hit the wall! (Clamping from [x=-0.031977, y=2.566175])";"30";"turtlesim2.sim2";"1758783389.448733316";"/home/a/ros2_ws/src/ros_tutorials/turtlesim/src/turtle.cpp:update:260"
"Oh no! I hit the wall! (Clamping from [x=-0.031977, y=2.567378])";"30";"turtlesim3.sim3";"1758783389.445868000";"/home/a/ros2_ws/src/ros_tutorials/turtlesim/src/turtle.cpp:update:260"
"Oh no! I hit the wall! (Clamping from [x=-0.031977, y=3.160913])";"30";"turtlesim1.turtlesim";"1758783389.433708316";"/home/a/ros2_ws/src/ros_tutorials/turtlesim/src/turtle.cpp:update:260"
"Oh no! I hit the wall! (Clamping from [x=-0.031977, y=2.567378])";"30";"turtlesim2.sim2";"1758783389.432468190";"/home/a/ros2_ws/src/ros_tutorials/turtlesim/src/turtle.cpp:update:260"
"Oh no! I hit the wall! (Clamping from [x=-0.031977, y=2.568581])";"30";"turtlesim3.sim3";"1758783389.429341383";"/home/a/ros2_ws/src/ros_tutorials/turtlesim/src/turtle.cpp:update:260"
"Oh no! I hit the wall! (Clamping from [x=-0.031977, y=2.568581])";"30";"turtlesim2.sim2";"1758783389.417088704";"/home/a/ros2_ws/src/ros_tutorials/turtlesim/src/turtle.cpp:update:260"
"Oh no! I hit the wall! (Clamping from [x=-0.031977, y=3.162115])";"30";"turtlesim1.turtlesim";"1758783389.416891234";"/home/a/ros2_ws/src/ros_tutorials/turtlesim/src/turtle.cpp:update:260"
"Oh no! I hit the wall! (Clamping from [x=-0.031977, y=2.569783])";"30";"turtlesim3.sim3";"1758783389.413921301";"/home/a/ros2_ws/src/ros_tutorials/turtlesim/src/turtle.cpp:update:260"
"Oh no! I hit the wall! (Clamping from [x=-0.031977, y=3.163318])";"30";"turtlesim1.turtlesim";"1758783389.401225022";"/home/a/ros2_ws/src/ros_tutorials/turtlesim/src/turtle.cpp:update:260"
"Oh no! I hit the wall! (Clamping from [x=-0.031977, y=2.569783])";"30";"turtlesim2.sim2";"1758783389.401015458";"/home/a/ros2_ws/src/ros_tutorials/turtlesim/src/turtle.cpp:update:260"
"Oh no! I hit the wall! (Clamping from [x=-0.031977, y=2.570986])";"30";"turtlesim3.sim3";"1758783389.397395516";"/home/a/ros2_ws/src/ros_tutorials/turtlesim/src/turtle.cpp:update:260"
"Oh no! I hit the wall! (Clamping from [x=-0.031977, y=3.164521])";"30";"turtlesim1.turtlesim";"1758783389.385445348";"/home/a/ros2_ws/src/ros_tutorials/turtlesim/src/turtle.cpp:update:260"
"Oh no! I hit the wall! (Clamping from [x=-0.031977, y=2.570986])";"30";"turtlesim2.sim2";"1758783389.384534847";"/home/a/ros2_ws/src/ros_tutorials/turtlesim/src/turtle.cpp:update:260"
"Oh no! I hit the wall! (Clamping from [x=-0.031977, y=2.572189])";"30";"turtlesim3.sim3";"1758783389.381741391";"/home/a/ros2_ws/src/ros_tutorials/turtlesim/src/turtle.cpp:update:260"
"Oh no! I hit the wall! (Clamping from [x=-0.031977, y=3.165723])";"30";"turtlesim1.turtlesim";"1758783389.369164937";"/home/a/ros2_ws/src/ros_tutorials/turtlesim/src/turtle.cpp:update:260"
"Oh no! I hit the wall! (Clamping from [x=-0.031977, y=2.572189])";"30";"turtlesim2.sim2";"1758783389.368814351";"/home/a/ros2_ws/src/ros_tutorials/turtlesim/src/turtle.cpp:update:260"
"Oh no! I hit the wall! (Clamping from [x=-0.031977, y=2.573391])";"30";"turtlesim3.sim3";"1758783389.365290109";"/home/a/ros2_ws/src/ros_tutorials/turtlesim/src/turtle.cpp:update:260"
"Oh no! I hit the wall! (Clamping from [x=-0.031977, y=3.166926])";"30";"turtlesim1.turtlesim";"1758783389.353984783";"/home/a/ros2_ws/src/ros_tutorials/turtlesim/src/turtle.cpp:update:260"
"Oh no! I hit the wall! (Clamping from [x=-0.031977, y=2.573391])";"30";"turtlesim2.sim2";"1758783389.352660394";"/home/a/ros2_ws/src/ros_tutorials/turtlesim/src/turtle.cpp:update:260"
"Oh no! I hit the wall! (Clamping from [x=-0.031977, y=2.574594])";"30";"turtlesim3.sim3";"1758783389.350245204";"/home/a/ros2_ws/src/ros_tutorials/turtlesim/src/turtle.cpp:update:260"
"Oh no! I hit the wall! (Clamping from [x=-0.031977, y=3.168129])";"30";"turtlesim1.turtlesim";"1758783389.337736566";"/home/a/ros2_ws/src/ros_tutorials/turtlesim/src/turtle.cpp:update:260"
"Oh no! I hit the wall! (Clamping from [x=-0.031977, y=2.574594])";"30";"turtlesim2.sim2";"1758783389.336709690";"/home/a/ros2_ws/src/ros_tutorials/turtlesim/src/turtle.cpp:update:260"
"Oh no! I hit the wall! (Clamping from [x=-0.031977, y=2.575797])";"30";"turtlesim3.sim3";"1758783389.333650424";"/home/a/ros2_ws/src/ros_tutorials/turtlesim/src/turtle.cpp:update:260"
"Oh no! I hit the wall! (Clamping from [x=-0.031977, y=3.169331])";"30";"turtlesim1.turtlesim";"1758783389.321717209";"/home/a/ros2_ws/src/ros_tutorials/turtlesim/src/turtle.cpp:update:260"
"Oh no! I hit the wall! (Clamping from [x=-0.031977, y=2.575797])";"30";"turtlesim2.sim2";"1758783389.320605937";"/home/a/ros2_ws/src/ros_tutorials/turtlesim/src/turtle.cpp:update:260"
"Oh no! I hit the wall! (Clamping from [x=-0.031977, y=2.576999])";"30";"turtlesim3.sim3";"1758783389.317931041";"/home/a/ros2_ws/src/ros_tutorials/turtlesim/src/turtle.cpp:update:260"
"Oh no! I hit the wall! (Clamping from [x=-0.031977, y=2.576999])";"30";"turtlesim2.sim2";"1758783389.304867584";"/home/a/ros2_ws/src/ros_tutorials/turtlesim/src/turtle.cpp:update:260"
"Oh no! I hit the wall! (Clamping from [x=-0.031977, y=3.170534])";"30";"turtlesim1.turtlesim";"1758783389.304888438";"/home/a/ros2_ws/src/ros_tutorials/turtlesim/src/turtle.cpp:update:260"
"Oh no! I hit the wall! (Clamping from [x=-0.031977, y=2.578202])";"30";"turtlesim3.sim3";"1758783389.302462573";"/home/a/ros2_ws/src/ros_tutorials/turtlesim/src/turtle.cpp:update:260"
"Oh no! I hit the wall! (Clamping from [x=-0.031977, y=3.171737])";"30";"turtlesim1.turtlesim";"1758783389.288874590";"/home/a/ros2_ws/src/ros_tutorials/turtlesim/src/turtle.cpp:update:260"
"Oh no! I hit the wall! (Clamping from [x=-0.031977, y=2.578202])";"30";"turtlesim2.sim2";"1758783389.288557713";"/home/a/ros2_ws/src/ros_tutorials/turtlesim/src/turtle.cpp:update:260"
"Oh no! I hit the wall! (Clamping from [x=-0.031977, y=2.579405])";"30";"turtlesim3.sim3";"1758783389.285514215";"/home/a/ros2_ws/src/ros_tutorials/turtlesim/src/turtle.cpp:update:260"
"Oh no! I hit the wall! (Clamping from [x=-0.031977, y=3.172940])";"30";"turtlesim1.turtlesim";"1758783389.273483289";"/home/a/ros2_ws/src/ros_tutorials/turtlesim/src/turtle.cpp:update:260"
"Oh no! I hit the wall! (Clamping from [x=-0.031977, y=2.579405])";"30";"turtlesim2.sim2";"1758783389.272313206";"/home/a/ros2_ws/src/ros_tutorials/turtlesim/src/turtle.cpp:update:260"
"Oh no! I hit the wall! (Clamping from [x=-0.031977, y=2.580607])";"30";"turtlesim3.sim3";"1758783389.269990673";"/home/a/ros2_ws/src/ros_tutorials/turtlesim/src/turtle.cpp:update:260"
"Oh no! I hit the wall! (Clamping from [x=-0.031977, y=3.174142])";"30";"turtlesim1.turtlesim";"1758783389.257123404";"/home/a/ros2_ws/src/ros_tutorials/turtlesim/src/turtle.cpp:update:260"
"Oh no! I hit the wall! (Clamping from [x=-0.031977, y=2.581810])";"30";"turtlesim3.sim3";"1758783389.253476900";"/home/a/ros2_ws/src/ros_tutorials/turtlesim/src/turtle.cpp:update:260"
"Oh no! I hit the wall! (Clamping from [x=-0.031977, y=3.175345])";"30";"turtlesim1.turtlesim";"1758783389.241580314";"/home/a/ros2_ws/src/ros_tutorials/turtlesim/src/turtle.cpp:update:260"
"Oh no! I hit the wall! (Clamping from [x=-0.031977, y=2.581810])";"30";"turtlesim2.sim2";"1758783389.240955908";"/home/a/ros2_ws/src/ros_tutorials/turtlesim/src/turtle.cpp:update:260"
"Oh no! I hit the wall! (Clamping from [x=-0.031977, y=2.583013])";"30";"turtlesim3.sim3";"1758783389.238050232";"/home/a/ros2_ws/src/ros_tutorials/turtlesim/src/turtle.cpp:update:260"
"Oh no! I hit the wall! (Clamping from [x=-0.031977, y=3.176548])";"30";"turtlesim1.turtlesim";"1758783389.225286708";"/home/a/ros2_ws/src/ros_tutorials/turtlesim/src/turtle.cpp:update:260"
"Oh no! I hit the wall! (Clamping from [x=-0.031977, y=2.583013])";"30";"turtlesim2.sim2";"1758783389.224488867";"/home/a/ros2_ws/src/ros_tutorials/turtlesim/src/turtle.cpp:update:260"
"Oh no! I hit the wall! (Clamping from [x=-0.031977, y=2.584216])";"30";"turtlesim3.sim3";"1758783389.221493975";"/home/a/ros2_ws/src/ros_tutorials/turtlesim/src/turtle.cpp:update:260"
"Oh no! I hit the wall! (Clamping from [x=-0.031977, y=2.584216])";"30";"turtlesim2.sim2";"1758783389.209043790";"/home/a/ros2_ws/src/ros_tutorials/turtlesim/src/turtle.cpp:update:260"
"Oh no! I hit the wall! (Clamping from [x=-0.031977, y=3.178953])";"30";"turtlesim1.turtlesim";"1758783389.193456195";"/home/a/ros2_ws/src/ros_tutorials/turtlesim/src/turtle.cpp:update:260"
"Oh no! I hit the wall! (Clamping from [x=-0.031977, y=2.585418])";"30";"turtlesim2.sim2";"1758783389.192564742";"/home/a/ros2_ws/src/ros_tutorials/turtlesim/src/turtle.cpp:update:260"
"Oh no! I hit the wall! (Clamping from [x=-0.031977, y=2.586621])";"30";"turtlesim3.sim3";"1758783389.189465237";"/home/a/ros2_ws/src/ros_tutorials/turtlesim/src/turtle.cpp:update:260"
"Oh no! I hit the wall! (Clamping from [x=-0.031977, y=2.586621])";"30";"turtlesim2.sim2";"1758783389.177071503";"/home/a/ros2_ws/src/ros_tutorials/turtlesim/src/turtle.cpp:update:260"
"Oh no! I hit the wall! (Clamping from [x=-0.031977, y=2.589026])";"30";"turtlesim2.sim2";"1758783389.145043434";"/home/a/ros2_ws/src/ros_tutorials/turtlesim/src/turtle.cpp:update:260"
"Oh no! I hit the wall! (Clamping from [x=-0.031977, y=3.182561])";"30";"turtlesim1.turtlesim";"1758783389.144963452";"/home/a/ros2_ws/src/ros_tutorials/turtlesim/src/turtle.cpp:update:260"
"Oh no! I hit the wall! (Clamping from [x=-0.031977, y=2.590229])";"30";"turtlesim3.sim3";"1758783389.141540602";"/home/a/ros2_ws/src/ros_tutorials/turtlesim/src/turtle.cpp:update:260"
"Oh no! I hit the wall! (Clamping from [x=-0.031977, y=3.183764])";"30";"turtlesim1.turtlesim";"1758783389.129496067";"/home/a/ros2_ws/src/ros_tutorials/turtlesim/src/turtle.cpp:update:260"
"Oh no! I hit the wall! (Clamping from [x=-0.031977, y=2.590229])";"30";"turtlesim2.sim2";"1758783389.128568561";"/home/a/ros2_ws/src/ros_tutorials/turtlesim/src/turtle.cpp:update:260"
"Oh no! I hit the wall! (Clamping from [x=-0.031977, y=2.591432])";"30";"turtlesim3.sim3";"1758783389.126022079";"/home/a/ros2_ws/src/ros_tutorials/turtlesim/src/turtle.cpp:update:260"
"Oh no! I hit the wall! (Clamping from [x=-0.031977, y=3.184966])";"30";"turtlesim1.turtlesim";"1758783389.113853046";"/home/a/ros2_ws/src/ros_tutorials/turtlesim/src/turtle.cpp:update:260"
"Oh no! I hit the wall! (Clamping from [x=-0.031977, y=2.591432])";"30";"turtlesim2.sim2";"1758783389.112825436";"/home/a/ros2_ws/src/ros_tutorials/turtlesim/src/turtle.cpp:update:260"
"Oh no! I hit the wall! (Clamping from [x=-0.031977, y=2.592634])";"30";"turtlesim3.sim3";"1758783389.109633129";"/home/a/ros2_ws/src/ros_tutorials/turtlesim/src/turtle.cpp:update:260"
"Oh no! I hit the wall! (Clamping from [x=-0.031977, y=3.186169])";"30";"turtlesim1.turtlesim";"1758783389.097770376";"/home/a/ros2_ws/src/ros_tutorials/turtlesim/src/turtle.cpp:update:260"
"Oh no! I hit the wall! (Clamping from [x=-0.031977, y=2.593837])";"30";"turtlesim2.sim2";"1758783389.081018808";"/home/a/ros2_ws/src/ros_tutorials/turtlesim/src/turtle.cpp:update:260"
"Oh no! I hit the wall! (Clamping from [x=-0.031977, y=2.598648])";"30";"turtlesim3.sim3";"1758783389.030236486";"/home/a/ros2_ws/src/ros_tutorials/turtlesim/src/turtle.cpp:update:260"
"Oh no! I hit the wall! (Clamping from [x=-0.031977, y=3.192182])";"30";"turtlesim1.turtlesim";"1758783389.017121631";"/home/a/ros2_ws/src/ros_tutorials/turtlesim/src/turtle.cpp:update:260"
"Oh no! I hit the wall! (Clamping from [x=-0.031977, y=3.193385])";"30";"turtlesim1.turtlesim";"1758783389.001466348";"/home/a/ros2_ws/src/ros_tutorials/turtlesim/src/turtle.cpp:update:260"
"Oh no! I hit the wall! (Clamping from [x=-0.031977, y=2.599850])";"30";"turtlesim2.sim2";"1758783389.001046981";"/home/a/ros2_ws/src/ros_tutorials/turtlesim/src/turtle.cpp:update:260"
"Oh no! I hit the wall! (Clamping from [x=-0.031977, y=2.601053])";"30";"turtlesim3.sim3";"1758783388.997952219";"/home/a/ros2_ws/src/ros_tutorials/turtlesim/src/turtle.cpp:update:260"
"Oh no! I hit the wall! (Clamping from [x=-0.031977, y=2.601053])";"30";"turtlesim2.sim2";"1758783388.985411362";"/home/a/ros2_ws/src/ros_tutorials/turtlesim/src/turtle.cpp:update:260"
"Oh no! I hit the wall! (Clamping from [x=-0.031977, y=3.194588])";"30";"turtlesim1.turtlesim";"1758783388.985103940";"/home/a/ros2_ws/src/ros_tutorials/turtlesim/src/turtle.cpp:update:260"
"Oh no! I hit the wall! (Clamping from [x=-0.031977, y=2.602256])";"30";"turtlesim3.sim3";"1758783388.981441814";"/home/a/ros2_ws/src/ros_tutorials/turtlesim/src/turtle.cpp:update:260"
"Oh no! I hit the wall! (Clamping from [x=-0.031977, y=3.195790])";"30";"turtlesim1.turtlesim";"1758783388.969635216";"/home/a/ros2_ws/src/ros_tutorials/turtlesim/src/turtle.cpp:update:260"
"Oh no! I hit the wall! (Clamping from [x=-0.031977, y=2.602256])";"30";"turtlesim2.sim2";"1758783388.968887711";"/home/a/ros2_ws/src/ros_tutorials/turtlesim/src/turtle.cpp:update:260"
"Oh no! I hit the wall! (Clamping from [x=-0.031977, y=2.603458])";"30";"turtlesim3.sim3";"1758783388.965865537";"/home/a/ros2_ws/src/ros_tutorials/turtlesim/src/turtle.cpp:update:260"
"Oh no! I hit the wall! (Clamping from [x=-0.031977, y=3.196993])";"30";"turtlesim1.turtlesim";"1758783388.953187442";"/home/a/ros2_ws/src/ros_tutorials/turtlesim/src/turtle.cpp:update:260"
"Oh no! I hit the wall! (Clamping from [x=-0.031977, y=2.604661])";"30";"turtlesim2.sim2";"1758783388.936939377";"/home/a/ros2_ws/src/ros_tutorials/turtlesim/src/turtle.cpp:update:260"
"Oh no! I hit the wall! (Clamping from [x=-0.031977, y=2.605864])";"30";"turtlesim3.sim3";"1758783388.933923443";"/home/a/ros2_ws/src/ros_tutorials/turtlesim/src/turtle.cpp:update:260"
"Oh no! I hit the wall! (Clamping from [x=-0.031977, y=3.199399])";"30";"turtlesim1.turtlesim";"1758783388.921304953";"/home/a/ros2_ws/src/ros_tutorials/turtlesim/src/turtle.cpp:update:260"
"Oh no! I hit the wall! (Clamping from [x=-0.031977, y=2.605864])";"30";"turtlesim2.sim2";"1758783388.920437142";"/home/a/ros2_ws/src/ros_tutorials/turtlesim/src/turtle.cpp:update:260"
"Oh no! I hit the wall! (Clamping from [x=-0.031977, y=2.607066])";"30";"turtlesim3.sim3";"1758783388.917529292";"/home/a/ros2_ws/src/ros_tutorials/turtlesim/src/turtle.cpp:update:260"
"Oh no! I hit the wall! (Clamping from [x=-0.031977, y=2.607066])";"30";"turtlesim2.sim2";"1758783388.905067059";"/home/a/ros2_ws/src/ros_tutorials/turtlesim/src/turtle.cpp:update:260"
"Oh no! I hit the wall! (Clamping from [x=-0.031977, y=3.200601])";"30";"turtlesim1.turtlesim";"1758783388.904948641";"/home/a/ros2_ws/src/ros_tutorials/turtlesim/src/turtle.cpp:update:260"
"Oh no! I hit the wall! (Clamping from [x=-0.031977, y=2.608269])";"30";"turtlesim3.sim3";"1758783388.901117711";"/home/a/ros2_ws/src/ros_tutorials/turtlesim/src/turtle.cpp:update:260"
"Oh no! I hit the wall! (Clamping from [x=-0.031977, y=3.201804])";"30";"turtlesim1.turtlesim";"1758783388.889695107";"/home/a/ros2_ws/src/ros_tutorials/turtlesim/src/turtle.cpp:update:260"
"Oh no! I hit the wall! (Clamping from [x=-0.031977, y=2.609472])";"30";"turtlesim3.sim3";"1758783388.885794993";"/home/a/ros2_ws/src/ros_tutorials/turtlesim/src/turtle.cpp:update:260"
"Oh no! I hit the wall! (Clamping from [x=-0.031977, y=3.203007])";"30";"turtlesim1.turtlesim";"1758783388.873156064";"/home/a/ros2_ws/src/ros_tutorials/turtlesim/src/turtle.cpp:update:260"
"Oh no! I hit the wall! (Clamping from [x=-0.031977, y=2.609472])";"30";"turtlesim2.sim2";"1758783388.873163098";"/home/a/ros2_ws/src/ros_tutorials/turtlesim/src/turtle.cpp:update:260"
"Oh no! I hit the wall! (Clamping from [x=-0.031977, y=2.610675])";"30";"turtlesim3.sim3";"1758783388.869361880";"/home/a/ros2_ws/src/ros_tutorials/turtlesim/src/turtle.cpp:update:260"
"Oh no! I hit the wall! (Clamping from [x=-0.031977, y=3.204209])";"30";"turtlesim1.turtlesim";"1758783388.857492062";"/home/a/ros2_ws/src/ros_tutorials/turtlesim/src/turtle.cpp:update:260"
"Oh no! I hit the wall! (Clamping from [x=-0.031977, y=2.610675])";"30";"turtlesim2.sim2";"1758783388.856429695";"/home/a/ros2_ws/src/ros_tutorials/turtlesim/src/turtle.cpp:update:260"
"Oh no! I hit the wall! (Clamping from [x=-0.031977, y=2.611877])";"30";"turtlesim3.sim3";"1758783388.854058612";"/home/a/ros2_ws/src/ros_tutorials/turtlesim/src/turtle.cpp:update:260"
"Oh no! I hit the wall! (Clamping from [x=-0.031977, y=3.205412])";"30";"turtlesim1.turtlesim";"1758783388.841789107";"/home/a/ros2_ws/src/ros_tutorials/turtlesim/src/turtle.cpp:update:260"
"Oh no! I hit the wall! (Clamping from [x=-0.031977, y=2.611877])";"30";"turtlesim2.sim2";"1758783388.840652186";"/home/a/ros2_ws/src/ros_tutorials/turtlesim/src/turtle.cpp:update:260"
"Oh no! I hit the wall! (Clamping from [x=-0.031977, y=2.613080])";"30";"turtlesim3.sim3";"1758783388.837745040";"/home/a/ros2_ws/src/ros_tutorials/turtlesim/src/turtle.cpp:update:260"
"Oh no! I hit the wall! (Clamping from [x=-0.031977, y=3.206615])";"30";"turtlesim1.turtlesim";"1758783388.825712879";"/home/a/ros2_ws/src/ros_tutorials/turtlesim/src/turtle.cpp:update:260"
"Oh no! I hit the wall! (Clamping from [x=-0.031977, y=2.613080])";"30";"turtlesim2.sim2";"1758783388.824661060";"/home/a/ros2_ws/src/ros_tutorials/turtlesim/src/turtle.cpp:update:260"
"Oh no! I hit the wall! (Clamping from [x=-0.031977, y=2.614283])";"30";"turtlesim3.sim3";"1758783388.822033805";"/home/a/ros2_ws/src/ros_tutorials/turtlesim/src/turtle.cpp:update:260"
"Oh no! I hit the wall! (Clamping from [x=-0.031977, y=3.207817])";"30";"turtlesim1.turtlesim";"1758783388.808844012";"/home/a/ros2_ws/src/ros_tutorials/turtlesim/src/turtle.cpp:update:260"
"Oh no! I hit the wall! (Clamping from [x=-0.031977, y=3.210223])";"30";"turtlesim1.turtlesim";"1758783388.777626608";"/home/a/ros2_ws/src/ros_tutorials/turtlesim/src/turtle.cpp:update:260"
"Oh no! I hit the wall! (Clamping from [x=-0.031977, y=2.616688])";"30";"turtlesim2.sim2";"1758783388.776866667";"/home/a/ros2_ws/src/ros_tutorials/turtlesim/src/turtle.cpp:update:260"
"Oh no! I hit the wall! (Clamping from [x=-0.031977, y=2.617891])";"30";"turtlesim3.sim3";"1758783388.773562141";"/home/a/ros2_ws/src/ros_tutorials/turtlesim/src/turtle.cpp:update:260"
"Oh no! I hit the wall! (Clamping from [x=-0.001860, y=3.211425])";"30";"turtlesim1.turtlesim";"1758783388.761353386";"/home/a/ros2_ws/src/ros_tutorials/turtlesim/src/turtle.cpp:update:260"
"Oh no! I hit the wall! (Clamping from [x=-0.031977, y=2.617891])";"30";"turtlesim2.sim2";"1758783388.761165611";"/home/a/ros2_ws/src/ros_tutorials/turtlesim/src/turtle.cpp:update:260"
"Oh no! I hit the wall! (Clamping from [x=-0.031977, y=2.619093])";"30";"turtlesim3.sim3";"1758783388.757728885";"/home/a/ros2_ws/src/ros_tutorials/turtlesim/src/turtle.cpp:update:260"
"Oh no! I hit the wall! (Clamping from [x=-0.031977, y=2.619093])";"30";"turtlesim2.sim2";"1758783388.744652625";"/home/a/ros2_ws/src/ros_tutorials/turtlesim/src/turtle.cpp:update:260"
"Oh no! I hit the wall! (Clamping from [x=-0.031977, y=2.620296])";"30";"turtlesim3.sim3";"1758783388.741692233";"/home/a/ros2_ws/src/ros_tutorials/turtlesim/src/turtle.cpp:update:260"
"Oh no! I hit the wall! (Clamping from [x=-0.031977, y=2.620296])";"30";"turtlesim2.sim2";"1758783388.729139630";"/home/a/ros2_ws/src/ros_tutorials/turtlesim/src/turtle.cpp:update:260"
"Oh no! I hit the wall! (Clamping from [x=-0.031977, y=2.621499])";"30";"turtlesim3.sim3";"1758783388.725209744";"/home/a/ros2_ws/src/ros_tutorials/turtlesim/src/turtle.cpp:update:260"
"Oh no! I hit the wall! (Clamping from [x=-0.031977, y=2.621499])";"30";"turtlesim2.sim2";"1758783388.712559797";"/home/a/ros2_ws/src/ros_tutorials/turtlesim/src/turtle.cpp:update:260"
"Oh no! I hit the wall! (Clamping from [x=-0.031977, y=2.622701])";"30";"turtlesim3.sim3";"1758783388.709736895";"/home/a/ros2_ws/src/ros_tutorials/turtlesim/src/turtle.cpp:update:260"
"Oh no! I hit the wall! (Clamping from [x=-0.031977, y=2.622701])";"30";"turtlesim2.sim2";"1758783388.697130439";"/home/a/ros2_ws/src/ros_tutorials/turtlesim/src/turtle.cpp:update:260"
"Oh no! I hit the wall! (Clamping from [x=-0.031977, y=2.623904])";"30";"turtlesim3.sim3";"1758783388.693308601";"/home/a/ros2_ws/src/ros_tutorials/turtlesim/src/turtle.cpp:update:260"
"Oh no! I hit the wall! (Clamping from [x=-0.031977, y=2.623904])";"30";"turtlesim2.sim2";"1758783388.680684308";"/home/a/ros2_ws/src/ros_tutorials/turtlesim/src/turtle.cpp:update:260"
"Oh no! I hit the wall! (Clamping from [x=-0.031977, y=2.625107])";"30";"turtlesim3.sim3";"1758783388.677842864";"/home/a/ros2_ws/src/ros_tutorials/turtlesim/src/turtle.cpp:update:260"
"Oh no! I hit the wall! (Clamping from [x=-0.031977, y=2.625107])";"30";"turtlesim2.sim2";"1758783388.665262766";"/home/a/ros2_ws/src/ros_tutorials/turtlesim/src/turtle.cpp:update:260"
"Oh no! I hit the wall! (Clamping from [x=-0.031977, y=2.626309])";"30";"turtlesim3.sim3";"1758783388.661271613";"/home/a/ros2_ws/src/ros_tutorials/turtlesim/src/turtle.cpp:update:260"
"Oh no! I hit the wall! (Clamping from [x=-0.031977, y=2.626309])";"30";"turtlesim2.sim2";"1758783388.648800131";"/home/a/ros2_ws/src/ros_tutorials/turtlesim/src/turtle.cpp:update:260"
"Oh no! I hit the wall! (Clamping from [x=-0.031977, y=2.627512])";"30";"turtlesim3.sim3";"1758783388.645948476";"/home/a/ros2_ws/src/ros_tutorials/turtlesim/src/turtle.cpp:update:260"
"Oh no! I hit the wall! (Clamping from [x=-0.031977, y=2.627512])";"30";"turtlesim2.sim2";"1758783388.633202453";"/home/a/ros2_ws/src/ros_tutorials/turtlesim/src/turtle.cpp:update:260"
"Oh no! I hit the wall! (Clamping from [x=-0.031977, y=2.628715])";"30";"turtlesim3.sim3";"1758783388.629403491";"/home/a/ros2_ws/src/ros_tutorials/turtlesim/src/turtle.cpp:update:260"
"Oh no! I hit the wall! (Clamping from [x=-0.031977, y=2.628715])";"30";"turtlesim2.sim2";"1758783388.616710784";"/home/a/ros2_ws/src/ros_tutorials/turtlesim/src/turtle.cpp:update:260"
"Oh no! I hit the wall! (Clamping from [x=-0.031977, y=2.629917])";"30";"turtlesim3.sim3";"1758783388.613814905";"/home/a/ros2_ws/src/ros_tutorials/turtlesim/src/turtle.cpp:update:260"
"Oh no! I hit the wall! (Clamping from [x=-0.031977, y=2.629917])";"30";"turtlesim2.sim2";"1758783388.601120830";"/home/a/ros2_ws/src/ros_tutorials/turtlesim/src/turtle.cpp:update:260"
"Oh no! I hit the wall! (Clamping from [x=-0.031977, y=2.631120])";"30";"turtlesim3.sim3";"1758783388.597480938";"/home/a/ros2_ws/src/ros_tutorials/turtlesim/src/turtle.cpp:update:260"
"Oh no! I hit the wall! (Clamping from [x=-0.031977, y=2.631120])";"30";"turtlesim2.sim2";"1758783388.584423310";"/home/a/ros2_ws/src/ros_tutorials/turtlesim/src/turtle.cpp:update:260"
"Oh no! I hit the wall! (Clamping from [x=-0.031977, y=2.632323])";"30";"turtlesim3.sim3";"1758783388.581876900";"/home/a/ros2_ws/src/ros_tutorials/turtlesim/src/turtle.cpp:update:260"
"Oh no! I hit the wall! (Clamping from [x=-0.031977, y=2.632323])";"30";"turtlesim2.sim2";"1758783388.568609310";"/home/a/ros2_ws/src/ros_tutorials/turtlesim/src/turtle.cpp:update:260"
"Oh no! I hit the wall! (Clamping from [x=-0.031977, y=2.633525])";"30";"turtlesim3.sim3";"1758783388.565396095";"/home/a/ros2_ws/src/ros_tutorials/turtlesim/src/turtle.cpp:update:260"
"Oh no! I hit the wall! (Clamping from [x=-0.031977, y=2.633525])";"30";"turtlesim2.sim2";"1758783388.553174638";"/home/a/ros2_ws/src/ros_tutorials/turtlesim/src/turtle.cpp:update:260"
"Oh no! I hit the wall! (Clamping from [x=-0.031977, y=2.634728])";"30";"turtlesim3.sim3";"1758783388.549768757";"/home/a/ros2_ws/src/ros_tutorials/turtlesim/src/turtle.cpp:update:260"
"Oh no! I hit the wall! (Clamping from [x=-0.031977, y=2.634728])";"30";"turtlesim2.sim2";"1758783388.537202003";"/home/a/ros2_ws/src/ros_tutorials/turtlesim/src/turtle.cpp:update:260"
"Oh no! I hit the wall! (Clamping from [x=-0.031977, y=2.635931])";"30";"turtlesim3.sim3";"1758783388.534061861";"/home/a/ros2_ws/src/ros_tutorials/turtlesim/src/turtle.cpp:update:260"
"Oh no! I hit the wall! (Clamping from [x=-0.031977, y=2.635931])";"30";"turtlesim2.sim2";"1758783388.520319827";"/home/a/ros2_ws/src/ros_tutorials/turtlesim/src/turtle.cpp:update:260"
"Oh no! I hit the wall! (Clamping from [x=-0.031977, y=2.637134])";"30";"turtlesim3.sim3";"1758783388.518076065";"/home/a/ros2_ws/src/ros_tutorials/turtlesim/src/turtle.cpp:update:260"
"Oh no! I hit the wall! (Clamping from [x=-0.031977, y=2.637134])";"30";"turtlesim2.sim2";"1758783388.504878517";"/home/a/ros2_ws/src/ros_tutorials/turtlesim/src/turtle.cpp:update:260"
"Oh no! I hit the wall! (Clamping from [x=-0.031977, y=2.638336])";"30";"turtlesim3.sim3";"1758783388.502031734";"/home/a/ros2_ws/src/ros_tutorials/turtlesim/src/turtle.cpp:update:260"
"Oh no! I hit the wall! (Clamping from [x=-0.031977, y=2.638336])";"30";"turtlesim2.sim2";"1758783388.488834789";"/home/a/ros2_ws/src/ros_tutorials/turtlesim/src/turtle.cpp:update:260"
"Oh no! I hit the wall! (Clamping from [x=-0.031977, y=2.639539])";"30";"turtlesim3.sim3";"1758783388.485191297";"/home/a/ros2_ws/src/ros_tutorials/turtlesim/src/turtle.cpp:update:260"
"Oh no! I hit the wall! (Clamping from [x=-0.031977, y=2.639539])";"30";"turtlesim2.sim2";"1758783388.473035625";"/home/a/ros2_ws/src/ros_tutorials/turtlesim/src/turtle.cpp:update:260"
"Oh no! I hit the wall! (Clamping from [x=-0.031977, y=2.640742])";"30";"turtlesim3.sim3";"1758783388.470108906";"/home/a/ros2_ws/src/ros_tutorials/turtlesim/src/turtle.cpp:update:260"
"Oh no! I hit the wall! (Clamping from [x=-0.031977, y=2.640742])";"30";"turtlesim2.sim2";"1758783388.457303724";"/home/a/ros2_ws/src/ros_tutorials/turtlesim/src/turtle.cpp:update:260"
"Oh no! I hit the wall! (Clamping from [x=-0.031977, y=2.641944])";"30";"turtlesim3.sim3";"1758783388.454185187";"/home/a/ros2_ws/src/ros_tutorials/turtlesim/src/turtle.cpp:update:260"
"Oh no! I hit the wall! (Clamping from [x=-0.031977, y=2.641944])";"30";"turtlesim2.sim2";"1758783388.440506502";"/home/a/ros2_ws/src/ros_tutorials/turtlesim/src/turtle.cpp:update:260"
"Oh no! I hit the wall! (Clamping from [x=-0.031977, y=2.643147])";"30";"turtlesim3.sim3";"1758783388.438018417";"/home/a/ros2_ws/src/ros_tutorials/turtlesim/src/turtle.cpp:update:260"
"Oh no! I hit the wall! (Clamping from [x=-0.031977, y=2.643147])";"30";"turtlesim2.sim2";"1758783388.424855042";"/home/a/ros2_ws/src/ros_tutorials/turtlesim/src/turtle.cpp:update:260"
"Oh no! I hit the wall! (Clamping from [x=-0.031977, y=2.644350])";"30";"turtlesim3.sim3";"1758783388.421913080";"/home/a/ros2_ws/src/ros_tutorials/turtlesim/src/turtle.cpp:update:260"
"Oh no! I hit the wall! (Clamping from [x=-0.031977, y=2.644350])";"30";"turtlesim2.sim2";"1758783388.408402510";"/home/a/ros2_ws/src/ros_tutorials/turtlesim/src/turtle.cpp:update:260"
"Oh no! I hit the wall! (Clamping from [x=-0.031977, y=2.645552])";"30";"turtlesim3.sim3";"1758783388.405966062";"/home/a/ros2_ws/src/ros_tutorials/turtlesim/src/turtle.cpp:update:260"
"Oh no! I hit the wall! (Clamping from [x=-0.031977, y=2.645552])";"30";"turtlesim2.sim2";"1758783388.393303970";"/home/a/ros2_ws/src/ros_tutorials/turtlesim/src/turtle.cpp:update:260"
"Oh no! I hit the wall! (Clamping from [x=-0.031977, y=2.646755])";"30";"turtlesim3.sim3";"1758783388.390157795";"/home/a/ros2_ws/src/ros_tutorials/turtlesim/src/turtle.cpp:update:260"
"Oh no! I hit the wall! (Clamping from [x=-0.031977, y=2.646755])";"30";"turtlesim2.sim2";"1758783388.377369230";"/home/a/ros2_ws/src/ros_tutorials/turtlesim/src/turtle.cpp:update:260"
"Oh no! I hit the wall! (Clamping from [x=-0.031977, y=2.647958])";"30";"turtlesim3.sim3";"1758783388.374210885";"/home/a/ros2_ws/src/ros_tutorials/turtlesim/src/turtle.cpp:update:260"
"Oh no! I hit the wall! (Clamping from [x=-0.031977, y=2.647958])";"30";"turtlesim2.sim2";"1758783388.360760136";"/home/a/ros2_ws/src/ros_tutorials/turtlesim/src/turtle.cpp:update:260"
"Oh no! I hit the wall! (Clamping from [x=-0.031977, y=2.649160])";"30";"turtlesim3.sim3";"1758783388.357432608";"/home/a/ros2_ws/src/ros_tutorials/turtlesim/src/turtle.cpp:update:260"
"Oh no! I hit the wall! (Clamping from [x=-0.031977, y=2.649160])";"30";"turtlesim2.sim2";"1758783388.344799702";"/home/a/ros2_ws/src/ros_tutorials/turtlesim/src/turtle.cpp:update:260"
"Oh no! I hit the wall! (Clamping from [x=-0.031977, y=2.650363])";"30";"turtlesim3.sim3";"1758783388.341847452";"/home/a/ros2_ws/src/ros_tutorials/turtlesim/src/turtle.cpp:update:260"
"Oh no! I hit the wall! (Clamping from [x=-0.031977, y=2.650363])";"30";"turtlesim2.sim2";"1758783388.328940469";"/home/a/ros2_ws/src/ros_tutorials/turtlesim/src/turtle.cpp:update:260"
"Oh no! I hit the wall! (Clamping from [x=-0.031977, y=2.651566])";"30";"turtlesim3.sim3";"1758783388.326092997";"/home/a/ros2_ws/src/ros_tutorials/turtlesim/src/turtle.cpp:update:260"
"Oh no! I hit the wall! (Clamping from [x=-0.031977, y=2.651566])";"30";"turtlesim2.sim2";"1758783388.313463915";"/home/a/ros2_ws/src/ros_tutorials/turtlesim/src/turtle.cpp:update:260"
"Oh no! I hit the wall! (Clamping from [x=-0.031977, y=2.652768])";"30";"turtlesim3.sim3";"1758783388.309859917";"/home/a/ros2_ws/src/ros_tutorials/turtlesim/src/turtle.cpp:update:260"
"Oh no! I hit the wall! (Clamping from [x=-0.031977, y=2.652768])";"30";"turtlesim2.sim2";"1758783388.296492952";"/home/a/ros2_ws/src/ros_tutorials/turtlesim/src/turtle.cpp:update:260"
"Oh no! I hit the wall! (Clamping from [x=-0.031977, y=2.653971])";"30";"turtlesim3.sim3";"1758783388.293605879";"/home/a/ros2_ws/src/ros_tutorials/turtlesim/src/turtle.cpp:update:260"
"Oh no! I hit the wall! (Clamping from [x=-0.031977, y=2.653971])";"30";"turtlesim2.sim2";"1758783388.281348748";"/home/a/ros2_ws/src/ros_tutorials/turtlesim/src/turtle.cpp:update:260"
"Oh no! I hit the wall! (Clamping from [x=-0.031977, y=2.655174])";"30";"turtlesim3.sim3";"1758783388.277341990";"/home/a/ros2_ws/src/ros_tutorials/turtlesim/src/turtle.cpp:update:260"
"Oh no! I hit the wall! (Clamping from [x=-0.031977, y=2.655174])";"30";"turtlesim2.sim2";"1758783388.265018993";"/home/a/ros2_ws/src/ros_tutorials/turtlesim/src/turtle.cpp:update:260"
"Oh no! I hit the wall! (Clamping from [x=-0.031977, y=2.656376])";"30";"turtlesim3.sim3";"1758783388.262265030";"/home/a/ros2_ws/src/ros_tutorials/turtlesim/src/turtle.cpp:update:260"
"Oh no! I hit the wall! (Clamping from [x=-0.031977, y=2.656376])";"30";"turtlesim2.sim2";"1758783388.249017933";"/home/a/ros2_ws/src/ros_tutorials/turtlesim/src/turtle.cpp:update:260"
"Oh no! I hit the wall! (Clamping from [x=-0.031977, y=2.657579])";"30";"turtlesim3.sim3";"1758783388.246123029";"/home/a/ros2_ws/src/ros_tutorials/turtlesim/src/turtle.cpp:update:260"
"Oh no! I hit the wall! (Clamping from [x=-0.031977, y=2.657579])";"30";"turtlesim2.sim2";"1758783388.233074590";"/home/a/ros2_ws/src/ros_tutorials/turtlesim/src/turtle.cpp:update:260"
"Oh no! I hit the wall! (Clamping from [x=-0.031977, y=2.658782])";"30";"turtlesim3.sim3";"1758783388.230114055";"/home/a/ros2_ws/src/ros_tutorials/turtlesim/src/turtle.cpp:update:260"
"Oh no! I hit the wall! (Clamping from [x=-0.031977, y=2.658782])";"30";"turtlesim2.sim2";"1758783388.217256149";"/home/a/ros2_ws/src/ros_tutorials/turtlesim/src/turtle.cpp:update:260"
"Oh no! I hit the wall! (Clamping from [x=-0.031977, y=2.659984])";"30";"turtlesim3.sim3";"1758783388.214113444";"/home/a/ros2_ws/src/ros_tutorials/turtlesim/src/turtle.cpp:update:260"
"Oh no! I hit the wall! (Clamping from [x=-0.031977, y=2.659984])";"30";"turtlesim2.sim2";"1758783388.200432405";"/home/a/ros2_ws/src/ros_tutorials/turtlesim/src/turtle.cpp:update:260"
"Oh no! I hit the wall! (Clamping from [x=-0.031977, y=2.661187])";"30";"turtlesim3.sim3";"1758783388.197896725";"/home/a/ros2_ws/src/ros_tutorials/turtlesim/src/turtle.cpp:update:260"
"Oh no! I hit the wall! (Clamping from [x=-0.031977, y=2.661187])";"30";"turtlesim2.sim2";"1758783388.184609538";"/home/a/ros2_ws/src/ros_tutorials/turtlesim/src/turtle.cpp:update:260"
"Oh no! I hit the wall! (Clamping from [x=-0.031977, y=2.662390])";"30";"turtlesim3.sim3";"1758783388.182224044";"/home/a/ros2_ws/src/ros_tutorials/turtlesim/src/turtle.cpp:update:260"
"Oh no! I hit the wall! (Clamping from [x=-0.031977, y=2.662390])";"30";"turtlesim2.sim2";"1758783388.168893612";"/home/a/ros2_ws/src/ros_tutorials/turtlesim/src/turtle.cpp:update:260"
"Oh no! I hit the wall! (Clamping from [x=-0.031977, y=2.663593])";"30";"turtlesim3.sim3";"1758783388.166297983";"/home/a/ros2_ws/src/ros_tutorials/turtlesim/src/turtle.cpp:update:260"
"Oh no! I hit the wall! (Clamping from [x=-0.031977, y=2.663593])";"30";"turtlesim2.sim2";"1758783388.152811677";"/home/a/ros2_ws/src/ros_tutorials/turtlesim/src/turtle.cpp:update:260"
"Oh no! I hit the wall! (Clamping from [x=-0.031977, y=2.664795])";"30";"turtlesim3.sim3";"1758783388.150180149";"/home/a/ros2_ws/src/ros_tutorials/turtlesim/src/turtle.cpp:update:260"
"Oh no! I hit the wall! (Clamping from [x=-0.031977, y=2.664795])";"30";"turtlesim2.sim2";"1758783388.137476368";"/home/a/ros2_ws/src/ros_tutorials/turtlesim/src/turtle.cpp:update:260"
"Oh no! I hit the wall! (Clamping from [x=-0.031977, y=2.665998])";"30";"turtlesim3.sim3";"1758783388.134287473";"/home/a/ros2_ws/src/ros_tutorials/turtlesim/src/turtle.cpp:update:260"
"Oh no! I hit the wall! (Clamping from [x=-0.031977, y=2.665998])";"30";"turtlesim2.sim2";"1758783388.121320748";"/home/a/ros2_ws/src/ros_tutorials/turtlesim/src/turtle.cpp:update:260"
"Oh no! I hit the wall! (Clamping from [x=-0.031977, y=2.667201])";"30";"turtlesim3.sim3";"1758783388.117384949";"/home/a/ros2_ws/src/ros_tutorials/turtlesim/src/turtle.cpp:update:260"
"Oh no! I hit the wall! (Clamping from [x=-0.031977, y=2.667201])";"30";"turtlesim2.sim2";"1758783388.104985927";"/home/a/ros2_ws/src/ros_tutorials/turtlesim/src/turtle.cpp:update:260"
"Oh no! I hit the wall! (Clamping from [x=-0.031977, y=2.668403])";"30";"turtlesim3.sim3";"1758783388.101397908";"/home/a/ros2_ws/src/ros_tutorials/turtlesim/src/turtle.cpp:update:260"
"Oh no! I hit the wall! (Clamping from [x=-0.031977, y=2.668403])";"30";"turtlesim2.sim2";"1758783388.088957494";"/home/a/ros2_ws/src/ros_tutorials/turtlesim/src/turtle.cpp:update:260"
"Oh no! I hit the wall! (Clamping from [x=-0.031977, y=2.669606])";"30";"turtlesim3.sim3";"1758783388.086130008";"/home/a/ros2_ws/src/ros_tutorials/turtlesim/src/turtle.cpp:update:260"
"Oh no! I hit the wall! (Clamping from [x=-0.031977, y=2.669606])";"30";"turtlesim2.sim2";"1758783388.072995897";"/home/a/ros2_ws/src/ros_tutorials/turtlesim/src/turtle.cpp:update:260"
"Oh no! I hit the wall! (Clamping from [x=-0.031977, y=2.670809])";"30";"turtlesim3.sim3";"1758783388.069995706";"/home/a/ros2_ws/src/ros_tutorials/turtlesim/src/turtle.cpp:update:260"
"Oh no! I hit the wall! (Clamping from [x=-0.031977, y=2.670809])";"30";"turtlesim2.sim2";"1758783388.057126374";"/home/a/ros2_ws/src/ros_tutorials/turtlesim/src/turtle.cpp:update:260"
"Oh no! I hit the wall! (Clamping from [x=-0.031977, y=2.672011])";"30";"turtlesim3.sim3";"1758783388.053769358";"/home/a/ros2_ws/src/ros_tutorials/turtlesim/src/turtle.cpp:update:260"
"Oh no! I hit the wall! (Clamping from [x=-0.031977, y=2.672011])";"30";"turtlesim2.sim2";"1758783388.041237277";"/home/a/ros2_ws/src/ros_tutorials/turtlesim/src/turtle.cpp:update:260"
"Oh no! I hit the wall! (Clamping from [x=-0.031977, y=2.673214])";"30";"turtlesim3.sim3";"1758783388.037985825";"/home/a/ros2_ws/src/ros_tutorials/turtlesim/src/turtle.cpp:update:260"
"Oh no! I hit the wall! (Clamping from [x=-0.031977, y=2.673214])";"30";"turtlesim2.sim2";"1758783388.025205423";"/home/a/ros2_ws/src/ros_tutorials/turtlesim/src/turtle.cpp:update:260"
"Oh no! I hit the wall! (Clamping from [x=-0.031977, y=2.674417])";"30";"turtlesim3.sim3";"1758783388.022145717";"/home/a/ros2_ws/src/ros_tutorials/turtlesim/src/turtle.cpp:update:260"
"Oh no! I hit the wall! (Clamping from [x=-0.031977, y=2.674417])";"30";"turtlesim2.sim2";"1758783388.008832678";"/home/a/ros2_ws/src/ros_tutorials/turtlesim/src/turtle.cpp:update:260"
"Oh no! I hit the wall! (Clamping from [x=-0.031977, y=2.675619])";"30";"turtlesim3.sim3";"1758783388.006155898";"/home/a/ros2_ws/src/ros_tutorials/turtlesim/src/turtle.cpp:update:260"
"Oh no! I hit the wall! (Clamping from [x=-0.031977, y=2.675619])";"30";"turtlesim2.sim2";"1758783387.992922013";"/home/a/ros2_ws/src/ros_tutorials/turtlesim/src/turtle.cpp:update:260"
"Oh no! I hit the wall! (Clamping from [x=-0.031977, y=2.676822])";"30";"turtlesim3.sim3";"1758783387.989538167";"/home/a/ros2_ws/src/ros_tutorials/turtlesim/src/turtle.cpp:update:260"
"Oh no! I hit the wall! (Clamping from [x=-0.031977, y=2.676822])";"30";"turtlesim2.sim2";"1758783387.976893570";"/home/a/ros2_ws/src/ros_tutorials/turtlesim/src/turtle.cpp:update:260"
"Oh no! I hit the wall! (Clamping from [x=-0.031977, y=2.678025])";"30";"turtlesim3.sim3";"1758783387.973827677";"/home/a/ros2_ws/src/ros_tutorials/turtlesim/src/turtle.cpp:update:260"
"Oh no! I hit the wall! (Clamping from [x=-0.031977, y=2.678025])";"30";"turtlesim2.sim2";"1758783387.960715261";"/home/a/ros2_ws/src/ros_tutorials/turtlesim/src/turtle.cpp:update:260"
"Oh no! I hit the wall! (Clamping from [x=-0.031977, y=2.679227])";"30";"turtlesim3.sim3";"1758783387.957617042";"/home/a/ros2_ws/src/ros_tutorials/turtlesim/src/turtle.cpp:update:260"
"Oh no! I hit the wall! (Clamping from [x=-0.031977, y=2.679227])";"30";"turtlesim2.sim2";"1758783387.944710953";"/home/a/ros2_ws/src/ros_tutorials/turtlesim/src/turtle.cpp:update:260"
"Oh no! I hit the wall! (Clamping from [x=-0.031977, y=2.680430])";"30";"turtlesim3.sim3";"1758783387.941361973";"/home/a/ros2_ws/src/ros_tutorials/turtlesim/src/turtle.cpp:update:260"
"Oh no! I hit the wall! (Clamping from [x=-0.031977, y=2.680430])";"30";"turtlesim2.sim2";"1758783387.929192160";"/home/a/ros2_ws/src/ros_tutorials/turtlesim/src/turtle.cpp:update:260"
"Oh no! I hit the wall! (Clamping from [x=-0.001819, y=2.681633])";"30";"turtlesim3.sim3";"1758783387.926431172";"/home/a/ros2_ws/src/ros_tutorials/turtlesim/src/turtle.cpp:update:260"
"Oh no! I hit the wall! (Clamping from [x=-0.001819, y=2.681633])";"30";"turtlesim2.sim2";"1758783387.913168035";"/home/a/ros2_ws/src/ros_tutorials/turtlesim/src/turtle.cpp:update:260"
"Oh no! I hit the wall! (Clamping from [x=5.267874, y=-0.003245])";"30";"turtlesim3.sim3";"1758783383.333863989";"/home/a/ros2_ws/src/ros_tutorials/turtlesim/src/turtle.cpp:update:260"
"Oh no! I hit the wall! (Clamping from [x=5.267874, y=-0.003245])";"30";"turtlesim2.sim2";"1758783383.320662777";"/home/a/ros2_ws/src/ros_tutorials/turtlesim/src/turtle.cpp:update:260"
"Oh no! I hit the wall! (Clamping from [x=5.299709, y=-0.003245])";"30";"turtlesim3.sim3";"1758783383.318089977";"/home/a/ros2_ws/src/ros_tutorials/turtlesim/src/turtle.cpp:update:260"
"Oh no! I hit the wall! (Clamping from [x=5.299709, y=-0.003245])";"30";"turtlesim2.sim2";"1758783383.305063362";"/home/a/ros2_ws/src/ros_tutorials/turtlesim/src/turtle.cpp:update:260"
"Oh no! I hit the wall! (Clamping from [x=5.331544, y=-0.003245])";"30";"turtlesim3.sim3";"1758783383.301478682";"/home/a/ros2_ws/src/ros_tutorials/turtlesim/src/turtle.cpp:update:260"
"Oh no! I hit the wall! (Clamping from [x=5.331544, y=-0.003245])";"30";"turtlesim2.sim2";"1758783383.288584947";"/home/a/ros2_ws/src/ros_tutorials/turtlesim/src/turtle.cpp:update:260"
"Oh no! I hit the wall! (Clamping from [x=5.363379, y=-0.003245])";"30";"turtlesim3.sim3";"1758783383.286389275";"/home/a/ros2_ws/src/ros_tutorials/turtlesim/src/turtle.cpp:update:260"
"Oh no! I hit the wall! (Clamping from [x=5.363379, y=-0.003245])";"30";"turtlesim2.sim2";"1758783383.272934871";"/home/a/ros2_ws/src/ros_tutorials/turtlesim/src/turtle.cpp:update:260"
"Oh no! I hit the wall! (Clamping from [x=5.395214, y=-0.003245])";"30";"turtlesim3.sim3";"1758783383.269494837";"/home/a/ros2_ws/src/ros_tutorials/turtlesim/src/turtle.cpp:update:260"
"Oh no! I hit the wall! (Clamping from [x=5.395214, y=-0.003245])";"30";"turtlesim2.sim2";"1758783383.256573281";"/home/a/ros2_ws/src/ros_tutorials/turtlesim/src/turtle.cpp:update:260"
"Oh no! I hit the wall! (Clamping from [x=5.427049, y=-0.025098])";"30";"turtlesim3.sim3";"1758783382.853656521";"/home/a/ros2_ws/src/ros_tutorials/turtlesim/src/turtle.cpp:update:260"
"Oh no! I hit the wall! (Clamping from [x=5.427049, y=-0.025098])";"30";"turtlesim2.sim2";"1758783382.841043616";"/home/a/ros2_ws/src/ros_tutorials/turtlesim/src/turtle.cpp:update:260"
"Oh no! I hit the wall! (Clamping from [x=5.446900, y=-0.025098])";"30";"turtlesim3.sim3";"1758783382.838388186";"/home/a/ros2_ws/src/ros_tutorials/turtlesim/src/turtle.cpp:update:260"
"Oh no! I hit the wall! (Clamping from [x=5.446900, y=-0.025098])";"30";"turtlesim2.sim2";"1758783382.825094928";"/home/a/ros2_ws/src/ros_tutorials/turtlesim/src/turtle.cpp:update:260"
"Oh no! I hit the wall! (Clamping from [x=5.466752, y=-0.025098])";"30";"turtlesim3.sim3";"1758783382.821470581";"/home/a/ros2_ws/src/ros_tutorials/turtlesim/src/turtle.cpp:update:260"
"Oh no! I hit the wall! (Clamping from [x=5.466752, y=-0.025098])";"30";"turtlesim2.sim2";"1758783382.809134576";"/home/a/ros2_ws/src/ros_tutorials/turtlesim/src/turtle.cpp:update:260"
"Oh no! I hit the wall! (Clamping from [x=5.486604, y=-0.025098])";"30";"turtlesim3.sim3";"1758783382.806319546";"/home/a/ros2_ws/src/ros_tutorials/turtlesim/src/turtle.cpp:update:260"
"Oh no! I hit the wall! (Clamping from [x=5.486604, y=-0.025098])";"30";"turtlesim2.sim2";"1758783382.792431103";"/home/a/ros2_ws/src/ros_tutorials/turtlesim/src/turtle.cpp:update:260"
"Oh no! I hit the wall! (Clamping from [x=5.506455, y=-0.025098])";"30";"turtlesim3.sim3";"1758783382.789976354";"/home/a/ros2_ws/src/ros_tutorials/turtlesim/src/turtle.cpp:update:260"
"Oh no! I hit the wall! (Clamping from [x=5.506455, y=-0.025098])";"30";"turtlesim2.sim2";"1758783382.776588000";"/home/a/ros2_ws/src/ros_tutorials/turtlesim/src/turtle.cpp:update:260"
"Oh no! I hit the wall! (Clamping from [x=5.526307, y=-0.025098])";"30";"turtlesim3.sim3";"1758783382.774313076";"/home/a/ros2_ws/src/ros_tutorials/turtlesim/src/turtle.cpp:update:260"
"Oh no! I hit the wall! (Clamping from [x=5.526307, y=-0.025098])";"30";"turtlesim2.sim2";"1758783382.760631563";"/home/a/ros2_ws/src/ros_tutorials/turtlesim/src/turtle.cpp:update:260"
"Oh no! I hit the wall! (Clamping from [x=5.546158, y=-0.025098])";"30";"turtlesim3.sim3";"1758783382.757463951";"/home/a/ros2_ws/src/ros_tutorials/turtlesim/src/turtle.cpp:update:260"
"Oh no! I hit the wall! (Clamping from [x=5.546158, y=-0.025098])";"30";"turtlesim2.sim2";"1758783382.745504364";"/home/a/ros2_ws/src/ros_tutorials/turtlesim/src/turtle.cpp:update:260"
"Oh no! I hit the wall! (Clamping from [x=5.566010, y=-0.025098])";"30";"turtlesim3.sim3";"1758783382.741494511";"/home/a/ros2_ws/src/ros_tutorials/turtlesim/src/turtle.cpp:update:260"
"Oh no! I hit the wall! (Clamping from [x=5.566010, y=-0.025098])";"30";"turtlesim2.sim2";"1758783382.728504454";"/home/a/ros2_ws/src/ros_tutorials/turtlesim/src/turtle.cpp:update:260"
"Oh no! I hit the wall! (Clamping from [x=5.585861, y=-0.025098])";"30";"turtlesim3.sim3";"1758783382.725779876";"/home/a/ros2_ws/src/ros_tutorials/turtlesim/src/turtle.cpp:update:260"
"Oh no! I hit the wall! (Clamping from [x=5.585861, y=-0.025098])";"30";"turtlesim2.sim2";"1758783382.712726353";"/home/a/ros2_ws/src/ros_tutorials/turtlesim/src/turtle.cpp:update:260"
"Oh no! I hit the wall! (Clamping from [x=5.605713, y=-0.025098])";"30";"turtlesim3.sim3";"1758783382.709871126";"/home/a/ros2_ws/src/ros_tutorials/turtlesim/src/turtle.cpp:update:260"
"Oh no! I hit the wall! (Clamping from [x=5.605713, y=-0.025098])";"30";"turtlesim2.sim2";"1758783382.697417460";"/home/a/ros2_ws/src/ros_tutorials/turtlesim/src/turtle.cpp:update:260"
"Oh no! I hit the wall! (Clamping from [x=5.625565, y=-0.025098])";"30";"turtlesim3.sim3";"1758783382.694058923";"/home/a/ros2_ws/src/ros_tutorials/turtlesim/src/turtle.cpp:update:260"
"Oh no! I hit the wall! (Clamping from [x=5.625565, y=-0.025098])";"30";"turtlesim2.sim2";"1758783382.680324475";"/home/a/ros2_ws/src/ros_tutorials/turtlesim/src/turtle.cpp:update:260"
"Oh no! I hit the wall! (Clamping from [x=5.645416, y=-0.025098])";"30";"turtlesim3.sim3";"1758783382.678191748";"/home/a/ros2_ws/src/ros_tutorials/turtlesim/src/turtle.cpp:update:260"
"Oh no! I hit the wall! (Clamping from [x=5.645416, y=-0.025098])";"30";"turtlesim2.sim2";"1758783382.665309052";"/home/a/ros2_ws/src/ros_tutorials/turtlesim/src/turtle.cpp:update:260"
"Oh no! I hit the wall! (Clamping from [x=5.665268, y=-0.025098])";"30";"turtlesim3.sim3";"1758783382.661891215";"/home/a/ros2_ws/src/ros_tutorials/turtlesim/src/turtle.cpp:update:260"
"Oh no! I hit the wall! (Clamping from [x=5.665268, y=-0.025098])";"30";"turtlesim2.sim2";"1758783382.648929184";"/home/a/ros2_ws/src/ros_tutorials/turtlesim/src/turtle.cpp:update:260"
"Oh no! I hit the wall! (Clamping from [x=5.685119, y=-0.025098])";"30";"turtlesim3.sim3";"1758783382.646179826";"/home/a/ros2_ws/src/ros_tutorials/turtlesim/src/turtle.cpp:update:260"
"Oh no! I hit the wall! (Clamping from [x=5.685119, y=-0.025098])";"30";"turtlesim2.sim2";"1758783382.632893767";"/home/a/ros2_ws/src/ros_tutorials/turtlesim/src/turtle.cpp:update:260"
"Oh no! I hit the wall! (Clamping from [x=5.704971, y=-0.025098])";"30";"turtlesim3.sim3";"1758783382.630252508";"/home/a/ros2_ws/src/ros_tutorials/turtlesim/src/turtle.cpp:update:260"
"Oh no! I hit the wall! (Clamping from [x=5.704971, y=-0.025098])";"30";"turtlesim2.sim2";"1758783382.617271718";"/home/a/ros2_ws/src/ros_tutorials/turtlesim/src/turtle.cpp:update:260"
"Oh no! I hit the wall! (Clamping from [x=5.724822, y=-0.025098])";"30";"turtlesim3.sim3";"1758783382.614046934";"/home/a/ros2_ws/src/ros_tutorials/turtlesim/src/turtle.cpp:update:260"
"Oh no! I hit the wall! (Clamping from [x=5.724822, y=-0.025098])";"30";"turtlesim2.sim2";"1758783382.601408066";"/home/a/ros2_ws/src/ros_tutorials/turtlesim/src/turtle.cpp:update:260"
"Oh no! I hit the wall! (Clamping from [x=5.744674, y=-0.025098])";"30";"turtlesim3.sim3";"1758783382.597582629";"/home/a/ros2_ws/src/ros_tutorials/turtlesim/src/turtle.cpp:update:260"
"Oh no! I hit the wall! (Clamping from [x=5.744674, y=-0.025098])";"30";"turtlesim2.sim2";"1758783382.584548935";"/home/a/ros2_ws/src/ros_tutorials/turtlesim/src/turtle.cpp:update:260"
"Oh no! I hit the wall! (Clamping from [x=5.764526, y=-0.025098])";"30";"turtlesim3.sim3";"1758783382.581976554";"/home/a/ros2_ws/src/ros_tutorials/turtlesim/src/turtle.cpp:update:260"
"Oh no! I hit the wall! (Clamping from [x=5.764526, y=-0.025098])";"30";"turtlesim2.sim2";"1758783382.568727961";"/home/a/ros2_ws/src/ros_tutorials/turtlesim/src/turtle.cpp:update:260"
"Oh no! I hit the wall! (Clamping from [x=5.784377, y=-0.025098])";"30";"turtlesim3.sim3";"1758783382.565772654";"/home/a/ros2_ws/src/ros_tutorials/turtlesim/src/turtle.cpp:update:260"
"Oh no! I hit the wall! (Clamping from [x=5.784377, y=-0.025098])";"30";"turtlesim2.sim2";"1758783382.552552368";"/home/a/ros2_ws/src/ros_tutorials/turtlesim/src/turtle.cpp:update:260"
"Oh no! I hit the wall! (Clamping from [x=5.804229, y=-0.025098])";"30";"turtlesim3.sim3";"1758783382.550260128";"/home/a/ros2_ws/src/ros_tutorials/turtlesim/src/turtle.cpp:update:260"
"Oh no! I hit the wall! (Clamping from [x=5.804229, y=-0.025098])";"30";"turtlesim2.sim2";"1758783382.537030644";"/home/a/ros2_ws/src/ros_tutorials/turtlesim/src/turtle.cpp:update:260"
"Oh no! I hit the wall! (Clamping from [x=5.824080, y=-0.025098])";"30";"turtlesim3.sim3";"1758783382.533334682";"/home/a/ros2_ws/src/ros_tutorials/turtlesim/src/turtle.cpp:update:260"
"Oh no! I hit the wall! (Clamping from [x=5.824080, y=-0.025098])";"30";"turtlesim2.sim2";"1758783382.521256489";"/home/a/ros2_ws/src/ros_tutorials/turtlesim/src/turtle.cpp:update:260"
"Oh no! I hit the wall! (Clamping from [x=5.843932, y=-0.025098])";"30";"turtlesim3.sim3";"1758783382.518379080";"/home/a/ros2_ws/src/ros_tutorials/turtlesim/src/turtle.cpp:update:260"
"Oh no! I hit the wall! (Clamping from [x=5.843932, y=-0.025098])";"30";"turtlesim2.sim2";"1758783382.504542566";"/home/a/ros2_ws/src/ros_tutorials/turtlesim/src/turtle.cpp:update:260"
"Oh no! I hit the wall! (Clamping from [x=5.863783, y=-0.025098])";"30";"turtlesim3.sim3";"1758783382.502284168";"/home/a/ros2_ws/src/ros_tutorials/turtlesim/src/turtle.cpp:update:260"
"Oh no! I hit the wall! (Clamping from [x=5.863783, y=-0.025098])";"30";"turtlesim2.sim2";"1758783382.488846029";"/home/a/ros2_ws/src/ros_tutorials/turtlesim/src/turtle.cpp:update:260"
"Oh no! I hit the wall! (Clamping from [x=5.883635, y=-0.025098])";"30";"turtlesim3.sim3";"1758783382.486181640";"/home/a/ros2_ws/src/ros_tutorials/turtlesim/src/turtle.cpp:update:260"
"Oh no! I hit the wall! (Clamping from [x=5.883635, y=-0.025098])";"30";"turtlesim2.sim2";"1758783382.473062966";"/home/a/ros2_ws/src/ros_tutorials/turtlesim/src/turtle.cpp:update:260"
"Oh no! I hit the wall! (Clamping from [x=5.903487, y=-0.002789])";"30";"turtlesim3.sim3";"1758783382.469416656";"/home/a/ros2_ws/src/ros_tutorials/turtlesim/src/turtle.cpp:update:260"
"Oh no! I hit the wall! (Clamping from [x=5.903487, y=-0.002789])";"30";"turtlesim2.sim2";"1758783382.457064376";"/home/a/ros2_ws/src/ros_tutorials/turtlesim/src/turtle.cpp:update:260"
